{"global":{"username":"live_demo","DeckOfSlides":[{"currentText":0,"currentImage":-1,"textArray":[{"id":0,"data":"<h1><em><strong>List:</strong></em></h1>\n\n<ul>\n\t<li><em><strong>one</strong></em></li>\n\t<li><em><strong>two </strong></em></li>\n</ul>\n","edit":false,"position":{"width":"500px","height":"70px","x":236,"y":-71}}],"imageArray":[]},{"currentText":-1,"currentImage":0,"textArray":[],"imageArray":[{"id":0,"src":"5f7b0bf67ee17ffd218ec4d3a7831ff5-switzerland.jpg","position":{"width":"500px","height":"90px","x":1184,"y":-305}}]}],"assetsPath":"http://localhost:3000","pendingImageUploadRequest":false,"saveRequest":true,"loadRequest":false,"currentSlide":1,"theme":"CERN 1","title":"first Presentation","description":"","isReady":true},"router":{"location":{"pathname":"/live_demo/first Presentation/edit/","search":"","hash":"#/1"},"action":"POP"}}
